{
  "averageClusterServiceTime": 6.678557590210713,
  "averageClusterProcessingTime": 170.62886582117955,
  "clusterAverageProcessingTimeVariance": -41.40625,
  "cost": 0.06760000000000004,
  "clusterSizeRecords": [
    [
      1,
      0
    ],
    [
      1,
      75
    ],
    [
      1,
      150
    ],
    [
      1,
      225
    ],
    [
      1,
      300
    ],
    [
      2,
      375
    ],
    [
      2,
      450
    ],
    [
      2,
      525
    ],
    [
      2,
      600
    ],
    [
      3,
      675
    ],
    [
      3,
      750
    ],
    [
      3,
      825
    ],
    [
      3,
      900
    ],
    [
      3,
      975
    ],
    [
      3,
      1050
    ],
    [
      3,
      1125
    ],
    [
      3,
      1200
    ],
    [
      2,
      1275
    ],
    [
      2,
      1350
    ],
    [
      2,
      1425
    ],
    [
      3,
      1500
    ],
    [
      3,
      1575
    ],
    [
      3,
      1650
    ],
    [
      3,
      1725
    ],
    [
      3,
      1800
    ],
    [
      3,
      1875
    ],
    [
      3,
      1950
    ],
    [
      3,
      2025
    ],
    [
      3,
      2100
    ],
    [
      3,
      2175
    ],
    [
      3,
      2250
    ],
    [
      3,
      2325
    ]
  ],
  "processingTimeRecords": [
    [
      0,
      0
    ],
    [
      16.144485,
      75
    ],
    [
      24.656294211459837,
      150
    ],
    [
      32.2566664117576,
      225
    ],
    [
      41.4888592543738,
      300
    ],
    [
      48.31572229679019,
      375
    ],
    [
      67.29317020056199,
      450
    ],
    [
      85.22115668430607,
      525
    ],
    [
      97.55140917598271,
      600
    ],
    [
      107.2399029637397,
      675
    ],
    [
      119.45176169615898,
      750
    ],
    [
      129.78961557057428,
      825
    ],
    [
      137.1869474027411,
      900
    ],
    [
      142.5986845433987,
      975
    ],
    [
      146.7374283590229,
      1050
    ],
    [
      149.7838050766729,
      1125
    ],
    [
      152.34074246139818,
      1200
    ],
    [
      153.541092367755,
      1275
    ],
    [
      154.5182447993518,
      1350
    ],
    [
      155.3637748539535,
      1425
    ],
    [
      156.30646007763985,
      1500
    ],
    [
      158.20122118820237,
      1575
    ],
    [
      160.57728338441063,
      1650
    ],
    [
      162.63273881355883,
      1725
    ],
    [
      164.44209121645494,
      1800
    ],
    [
      165.72781048122647,
      1875
    ],
    [
      167.22626165122733,
      1950
    ],
    [
      168.5908801685632,
      2025
    ],
    [
      169.8304803612041,
      2100
    ],
    [
      170.62886582117955,
      2175
    ],
    [
      170.62886582117955,
      2250
    ],
    [
      170.62886582117955,
      2325
    ]
  ],
  "approximateNumberOfMessagesRecords": [
    [
      0,
      0
    ],
    [
      60,
      75
    ],
    [
      120,
      150
    ],
    [
      164,
      225
    ],
    [
      216,
      300
    ],
    [
      280,
      375
    ],
    [
      316,
      450
    ],
    [
      340,
      525
    ],
    [
      368,
      600
    ],
    [
      388,
      675
    ],
    [
      388,
      750
    ],
    [
      380,
      825
    ],
    [
      368,
      900
    ],
    [
      360,
      975
    ],
    [
      348,
      1050
    ],
    [
      340,
      1125
    ],
    [
      332,
      1200
    ],
    [
      332,
      1275
    ],
    [
      356,
      1350
    ],
    [
      388,
      1425
    ],
    [
      416,
      1500
    ],
    [
      420,
      1575
    ],
    [
      408,
      1650
    ],
    [
      396,
      1725
    ],
    [
      388,
      1800
    ],
    [
      404,
      1875
    ],
    [
      336,
      1950
    ],
    [
      212,
      2025
    ],
    [
      84,
      2100
    ],
    [
      0,
      2175
    ],
    [
      0,
      2250
    ],
    [
      0,
      2325
    ]
  ],
  "creditBalanceRecords": [
    [
      562.49630605,
      0
    ],
    [
      562.49630605,
      75
    ],
    [
      562.49630605,
      150
    ],
    [
      562.0053772666666,
      225
    ],
    [
      562.0053772666666,
      300
    ],
    [
      562.0053772666666,
      375
    ],
    [
      562.0053772666666,
      450
    ],
    [
      562.0053772666666,
      525
    ],
    [
      557.6864616333334,
      600
    ],
    [
      557.6864616333334,
      675
    ],
    [
      557.6864616333334,
      750
    ],
    [
      557.6864616333334,
      825
    ],
    [
      557.6864616333334,
      900
    ],
    [
      553.3995266,
      975
    ],
    [
      553.3995266,
      1050
    ],
    [
      553.3995266,
      1125
    ],
    [
      553.3995266,
      1200
    ],
    [
      553.3995266,
      1275
    ],
    [
      549.2190024,
      1350
    ],
    [
      549.2190024,
      1425
    ],
    [
      549.2190024,
      1500
    ],
    [
      549.2190024,
      1575
    ],
    [
      549.2190024,
      1650
    ],
    [
      545.1181911666666,
      1725
    ],
    [
      545.1181911666666,
      1800
    ],
    [
      545.1181911666666,
      1875
    ],
    [
      545.1181911666666,
      1950
    ],
    [
      545.1181911666666,
      2025
    ],
    [
      541.2436508833333,
      2100
    ],
    [
      541.2436508833333,
      2175
    ],
    [
      541.2436508833333,
      2250
    ],
    [
      541.2436508833333,
      2325
    ]
  ]
}