{
  "averageClusterServiceTime": 6.309882750069474,
  "averageClusterProcessingTime": 200.50105511984947,
  "clusterAverageProcessingTimeVariance": 21.945945945945947,
  "cost": 0.3119999999999995,
  "clusterSizeRecords": [
    [
      1,
      0
    ],
    [
      1,
      75
    ],
    [
      1,
      150
    ],
    [
      1,
      225
    ],
    [
      1,
      300
    ],
    [
      2,
      375
    ],
    [
      2,
      450
    ],
    [
      3,
      525
    ],
    [
      3,
      600
    ],
    [
      3,
      675
    ],
    [
      3,
      750
    ],
    [
      3,
      825
    ],
    [
      3,
      900
    ],
    [
      3,
      975
    ],
    [
      3,
      1050
    ],
    [
      3,
      1125
    ],
    [
      3,
      1200
    ],
    [
      3,
      1275
    ],
    [
      3,
      1350
    ],
    [
      4,
      1425
    ],
    [
      4,
      1500
    ],
    [
      4,
      1575
    ],
    [
      4,
      1650
    ],
    [
      4,
      1725
    ],
    [
      4,
      1800
    ],
    [
      4,
      1875
    ],
    [
      3,
      1950
    ],
    [
      3,
      2025
    ],
    [
      4,
      2100
    ],
    [
      4,
      2175
    ],
    [
      4,
      2250
    ],
    [
      4,
      2325
    ],
    [
      4,
      2400
    ],
    [
      4,
      2475
    ],
    [
      4,
      2550
    ],
    [
      4,
      2625
    ],
    [
      4,
      2700
    ],
    [
      4,
      2775
    ],
    [
      4,
      2850
    ],
    [
      4,
      2925
    ],
    [
      4,
      3000
    ],
    [
      2,
      3075
    ],
    [
      3,
      3150
    ],
    [
      3,
      3225
    ],
    [
      3,
      3300
    ],
    [
      3,
      3375
    ],
    [
      3,
      3450
    ],
    [
      3,
      3525
    ],
    [
      3,
      3600
    ],
    [
      3,
      3675
    ],
    [
      3,
      3750
    ],
    [
      4,
      3825
    ],
    [
      4,
      3900
    ],
    [
      4,
      3975
    ],
    [
      4,
      4050
    ],
    [
      4,
      4125
    ],
    [
      4,
      4200
    ],
    [
      4,
      4275
    ],
    [
      3,
      4350
    ],
    [
      3,
      4425
    ],
    [
      3,
      4500
    ],
    [
      3,
      4575
    ],
    [
      3,
      4650
    ],
    [
      4,
      4725
    ],
    [
      4,
      4800
    ],
    [
      4,
      4875
    ],
    [
      4,
      4950
    ],
    [
      4,
      5025
    ],
    [
      4,
      5100
    ],
    [
      4,
      5175
    ],
    [
      4,
      5250
    ],
    [
      4,
      5325
    ],
    [
      4,
      5400
    ],
    [
      4,
      5475
    ],
    [
      3,
      5550
    ],
    [
      3,
      5625
    ],
    [
      3,
      5700
    ],
    [
      3,
      5775
    ],
    [
      3,
      5850
    ],
    [
      3,
      5925
    ],
    [
      3,
      6000
    ],
    [
      3,
      6075
    ],
    [
      3,
      6150
    ],
    [
      3,
      6225
    ],
    [
      3,
      6300
    ],
    [
      3,
      6375
    ],
    [
      4,
      6450
    ],
    [
      4,
      6525
    ],
    [
      4,
      6600
    ],
    [
      3,
      6675
    ],
    [
      3,
      6750
    ],
    [
      3,
      6825
    ],
    [
      3,
      6900
    ],
    [
      4,
      6975
    ],
    [
      4,
      7050
    ],
    [
      4,
      7125
    ],
    [
      4,
      7200
    ],
    [
      4,
      7275
    ],
    [
      4,
      7350
    ],
    [
      4,
      7425
    ],
    [
      4,
      7500
    ],
    [
      4,
      7575
    ],
    [
      4,
      7650
    ],
    [
      4,
      7725
    ],
    [
      4,
      7800
    ],
    [
      1,
      7875
    ],
    [
      1,
      7950
    ],
    [
      1,
      8025
    ],
    [
      1,
      8100
    ],
    [
      1,
      8175
    ],
    [
      1,
      8250
    ]
  ],
  "processingTimeRecords": [
    [
      0,
      0
    ],
    [
      null,
      75
    ],
    [
      14.16715,
      150
    ],
    [
      25.105645452784394,
      225
    ],
    [
      36.86610441916472,
      300
    ],
    [
      47.27089140171257,
      375
    ],
    [
      72.9115751907379,
      450
    ],
    [
      96.12328094009158,
      525
    ],
    [
      120.68985285943586,
      600
    ],
    [
      139.02651233262162,
      675
    ],
    [
      151.52846397959618,
      750
    ],
    [
      161.04057622780525,
      825
    ],
    [
      168.28280693864053,
      900
    ],
    [
      174.72696447175963,
      975
    ],
    [
      180.28771297394584,
      1050
    ],
    [
      184.6836392486574,
      1125
    ],
    [
      189.1613564888152,
      1200
    ],
    [
      193.24837529497202,
      1275
    ],
    [
      196.97114413435455,
      1350
    ],
    [
      200.50105511984947,
      1425
    ],
    [
      203.77702032968674,
      1500
    ],
    [
      208.0434615922408,
      1575
    ],
    [
      212.41579096986018,
      1650
    ],
    [
      216.68219840273107,
      1725
    ],
    [
      220.21691244761809,
      1800
    ],
    [
      223.3061501147528,
      1875
    ],
    [
      225.08984863565266,
      1950
    ],
    [
      226.7183735804345,
      2025
    ],
    [
      228.19895042023742,
      2100
    ],
    [
      230.05257587552336,
      2175
    ],
    [
      232.07657188919052,
      2250
    ],
    [
      233.9407811956554,
      2325
    ],
    [
      235.57033769064154,
      2400
    ],
    [
      236.96264933139057,
      2475
    ],
    [
      238.16596943741334,
      2550
    ],
    [
      239.1230386011164,
      2625
    ],
    [
      239.97115730796787,
      2700
    ],
    [
      240.61985170856113,
      2775
    ],
    [
      241.13264486714152,
      2850
    ],
    [
      241.55699691934745,
      2925
    ],
    [
      241.86135613458757,
      3000
    ],
    [
      242.01389951635244,
      3075
    ],
    [
      242.13021633297853,
      3150
    ],
    [
      242.19884233502734,
      3225
    ],
    [
      242.2268755663683,
      3300
    ],
    [
      242.2664893973288,
      3375
    ],
    [
      242.3371204656517,
      3450
    ],
    [
      242.43051523875693,
      3525
    ],
    [
      242.22806234631756,
      3600
    ],
    [
      242.68258479485576,
      3675
    ],
    [
      242.86277884798233,
      3750
    ],
    [
      243.07474461557177,
      3825
    ],
    [
      243.58536557500176,
      3900
    ],
    [
      242.68258479485576,
      3975
    ],
    [
      242.22806234631756,
      4050
    ],
    [
      245.31476264986554,
      4125
    ],
    [
      245.90160328655608,
      4200
    ],
    [
      246.39107547647637,
      4275
    ],
    [
      246.60556824878324,
      4350
    ],
    [
      241.5613767532346,
      4425
    ],
    [
      241.5613767532346,
      4500
    ],
    [
      244.71706048998075,
      4575
    ],
    [
      247.35789194643147,
      4650
    ],
    [
      200.50105511984947,
      4725
    ],
    [
      247.82623415845447,
      4800
    ],
    [
      242.22806234631756,
      4875
    ],
    [
      241.5613767532346,
      4950
    ],
    [
      241.5613767532346,
      5025
    ],
    [
      242.68258479485576,
      5100
    ],
    [
      249.23219229478468,
      5175
    ],
    [
      244.71706048998075,
      5250
    ],
    [
      242.68258479485576,
      5325
    ],
    [
      249.60427615516923,
      5400
    ],
    [
      247.80479250334503,
      5475
    ],
    [
      249.71818385942595,
      5550
    ],
    [
      247.80479250334503,
      5625
    ],
    [
      249.71038326341747,
      5700
    ],
    [
      220.18159164145604,
      5775
    ],
    [
      249.82969474779236,
      5850
    ],
    [
      249.71038326341747,
      5925
    ],
    [
      249.71038326341747,
      6000
    ],
    [
      247.80479250334503,
      6075
    ],
    [
      249.831865395881,
      6150
    ],
    [
