{
  "averageClusterServiceTime": 6.661800723966239,
  "averageClusterProcessingTime": 240.13075849227124,
  "clusterAverageProcessingTimeVariance": -57.84848484848485,
  "cost": 0.08666666666666674,
  "clusterSizeRecords": [
    [
      1,
      0
    ],
    [
      1,
      75
    ],
    [
      1,
      150
    ],
    [
      1,
      225
    ],
    [
      2,
      300
    ],
    [
      2,
      375
    ],
    [
      2,
      450
    ],
    [
      3,
      525
    ],
    [
      3,
      600
    ],
    [
      3,
      675
    ],
    [
      3,
      750
    ],
    [
      3,
      825
    ],
    [
      3,
      900
    ],
    [
      3,
      975
    ],
    [
      3,
      1050
    ],
    [
      3,
      1125
    ],
    [
      4,
      1200
    ],
    [
      4,
      1275
    ],
    [
      4,
      1350
    ],
    [
      4,
      1425
    ],
    [
      3,
      1500
    ],
    [
      3,
      1575
    ],
    [
      3,
      1650
    ],
    [
      3,
      1725
    ],
    [
      4,
      1800
    ],
    [
      4,
      1875
    ],
    [
      4,
      1950
    ],
    [
      4,
      2025
    ],
    [
      4,
      2100
    ],
    [
      4,
      2175
    ],
    [
      4,
      2250
    ],
    [
      4,
      2325
    ],
    [
      4,
      2400
    ]
  ],
  "processingTimeRecords": [
    [
      0,
      0
    ],
    [
      12.2870625,
      75
    ],
    [
      30.689673555996475,
      150
    ],
    [
      47.18833438231159,
      225
    ],
    [
      60.47753063789849,
      300
    ],
    [
      89.65404729551267,
      375
    ],
    [
      108.46864203028248,
      450
    ],
    [
      123.04052119203716,
      525
    ],
    [
      141.48542701811402,
      600
    ],
    [
      156.7388652967763,
      675
    ],
    [
      167.30511158982844,
      750
    ],
    [
      176.13291404297894,
      825
    ],
    [
      183.3590412341677,
      900
    ],
    [
      189.15965107818548,
      975
    ],
    [
      194.8053416055674,
      1050
    ],
    [
      199.04449276292527,
      1125
    ],
    [
      203.39971851388975,
      1200
    ],
    [
      209.30070812042894,
      1275
    ],
    [
      214.66033693023806,
      1350
    ],
    [
      219.10545281757197,
      1425
    ],
    [
      221.5219502662249,
      1500
    ],
    [
      223.79218678949468,
      1575
    ],
    [
      225.88701224012485,
      1650
    ],
    [
      227.77551194443487,
      1725
    ],
    [
      229.60955267103023,
      1800
    ],
    [
      232.07734890339964,
      1875
    ],
    [
      234.4949790894765,
      1950
    ],
    [
      236.34758267659225,
      2025
    ],
    [
      237.98107005364454,
      2100
    ],
    [
      239.48900103400766,
      2175
    ],
    [
      240.13075849227124,
      2250
    ],
    [
      240.13075849227124,
      2325
    ],
    [
      240.13075849227124,
      2400
    ]
  ],
  "approximateNumberOfMessagesRecords": [
    [
      0,
      0
    ],
    [
      68,
      75
    ],
    [
      160,
      150
    ],
    [
      244,
      225
    ],
    [
      308,
      300
    ],
    [
      360,
      375
    ],
    [
      412,
      450
    ],
    [
      460,
      525
    ],
    [
      480,
      600
    ],
    [
      496,
      675
    ],
    [
      508,
      750
    ],
    [
      522,
      825
    ],
    [
      538,
      900
    ],
    [
      550,
      975
    ],
    [
      570,
      1050
    ],
    [
      582,
      1125
    ],
    [
      594,
      1200
    ],
    [
      574,
      1275
    ],
    [
      530,
      1350
    ],
    [
      510,
      1425
    ],
    [
      522,
      1500
    ],
    [
      534,
      1575
    ],
    [
      546,
      1650
    ],
    [
      558,
      1725
    ],
    [
      570,
      1800
    ],
    [
      554,
      1875
    ],
    [
      494,
      1950
    ],
    [
      350,
      2025
    ],
    [
      206,
      2100
    ],
    [
      66,
      2175
    ],
    [
      0,
      2250
    ],
    [
      0,
      2325
    ],
    [
      0,
      2400
    ]
  ],
  "creditBalanceRecords": [
    [
      536.12050595,
      0
    ],
    [
      536.12050595,
      75
    ],
    [
      536.12050595,
      150
    ],
    [
      536.12050595,
      225
    ],
    [
      536.2329689833333,
      300
    ],
    [
      536.2329689833333,
      375
    ],
    [
      536.2329689833333,
      450
    ],
    [
      536.2329689833333,
      525
    ],
    [
      536.2329689833333,
      600
    ],
    [
      534.6438406166667,
      675
    ],
    [
      534.6438406166667,
      750
    ],
    [
      534.6438406166667,
      825
    ],
    [
      534.6438406166667,
      900
    ],
    [
      534.6438406166667,
      975
    ],
    [
      533.0540270333333,
      1050
    ],
    [
      533.0540270333333,
      1125
    ],
    [
      533.0540270333333,
      1200
    ],
    [
      533.0540270333333,
      1275
    ],
    [
      533.0540270333333,
      1350
    ],
    [
      531.4727405,
      1425
    ],
    [
      531.4727405,
      1500
    ],
    [
      531.4727405,
      1575
    ],
    [
      531.4727405,
      1650
    ],
    [
      531.4727405,
      1725
    ],
    [
      529.8847839666666,
      1800
    ],
    [
      529.8847839666666,
      1875
    ],
    [
      529.8847839666666,
      1950
    ],
    [
      529.8847839666666,
      2025
    ],
    [
      529.8847839666666,
      2100
    ],
    [
      528.29264765,
      2175
    ],
    [
      528.29264765,
      2250
    ],
    [
      528.29264765,
      2325
    ],
    [
      528.29264765,
      2400
    ]
  ]
}