{
  "averageClusterServiceTime": 6.77943212561,
  "averageClusterProcessingTime": 214.531763555,
  "clusterAverageProcessingTimeVariance": -93.58823529411765,
  "cost": 0.008783333333333332,
  "clusterSizeRecords": [
    [
      1,
      0
    ],
    [
      1,
      75
    ],
    [
      1,
      150
    ],
    [
      1,
      225
    ],
    [
      2,
      300
    ],
    [
      2,
      375
    ],
    [
      2,
      450
    ],
    [
      2,
      525
    ],
    [
      3,
      600
    ],
    [
      3,
      675
    ],
    [
      3,
      750
    ],
    [
      3,
      825
    ],
    [
      3,
      900
    ],
    [
      2,
      975
    ],
    [
      2,
      1050
    ],
    [
      1,
      1125
    ],
    [
      1,
      1200
    ]
  ],
  "processingTimeRecords": [
    [
      0,
      0
    ],
    [
      18.001491224489794,
      75
    ],
    [
      28.076302373997525,
      150
    ],
    [
      37.775310247501075,
      225
    ],
    [
      46.288226950761796,
      300
    ],
    [
      54.84649216910468,
      375
    ],
    [
      63.61489802470037,
      450
    ],
    [
      90.87106981726147,
      525
    ],
    [
      110.64782773569152,
      600
    ],
    [
      125.38022436119756,
      675
    ],
    [
      140.95382078406925,
      750
    ],
    [
      159.71041260974184,
      825
    ],
    [
      173.13097035427526,
      900
    ],
    [
      183.90043812221964,
      975
    ],
    [
      193.70863440735192,
      1050
    ],
    [
      200.65335957125507,
      1125
    ],
    [
      208.0347082721905,
      1200
    ]
  ],
  "approximateNumberOfMessagesRecords": [
    [
      0,
      0
    ],
    [
      80,
      75
    ],
    [
      135,
      150
    ],
    [
      210,
      225
    ],
    [
      290,
      300
    ],
    [
      350,
      375
    ],
    [
      430,
      450
    ],
    [
      450,
      525
    ],
    [
      495,
      600
    ],
    [
      550,
      675
    ],
    [
      560,
      750
    ],
    [
      570,
      825
    ],
    [
      510,
      900
    ],
    [
      410,
      975
    ],
    [
      300,
      1050
    ],
    [
      205,
      1125
    ],
    [
      95,
      1200
    ]
  ],
  "creditBalanceRecords": [
    [
      288,
      0
    ],
    [
      288,
      75
    ],
    [
      288,
      150
    ],
    [
      288,
      225
    ],
    [
      286.56054785,
      300
    ],
    [
      286.56054785,
      375
    ],
    [
      286.56054785,
      450
    ],
    [
      286.56054785,
      525
    ],
    [
      286.56054785,
      600
    ],
    [
      284.72432756666666,
      675
    ],
    [
      284.72432756666666,
      750
    ],
    [
      284.72432756666666,
      825
    ],
    [
      284.72432756666666,
      900
    ],
    [
      284.72432756666666,
      975
    ],
    [
      283.1127475,
      1050
    ],
    [
      283.1127475,
      1125
    ],
    [
      283.1127475,
      1200
    ]
  ]
}