{
  "averageClusterServiceTime": 6.415046256369215,
  "averageClusterProcessingTime": 117.78643254584398,
  "clusterAverageProcessingTimeVariance": -51.095238095238095,
  "cost": 0.0050583333333333305,
  "clusterSizeRecords": [
    [
      1,
      0
    ],
    [
      1,
      75
    ],
    [
      1,
      150
    ],
    [
      1,
      225
    ],
    [
      1,
      300
    ],
    [
      1,
      375
    ],
    [
      1,
      450
    ],
    [
      1,
      525
    ],
    [
      1,
      600
    ],
    [
      1,
      675
    ],
    [
      1,
      750
    ],
    [
      1,
      825
    ],
    [
      1,
      900
    ],
    [
      1,
      975
    ],
    [
      2,
      1050
    ],
    [
      2,
      1125
    ],
    [
      2,
      1200
    ],
    [
      1,
      1275
    ],
    [
      1,
      1350
    ],
    [
      1,
      1425
    ],
    [
      1,
      1500
    ]
  ],
  "processingTimeRecords": [
    [
      0,
      0
    ],
    [
      17.773201088435375,
      75
    ],
    [
      22.781461206460207,
      150
    ],
    [
      27.661390316690362,
      225
    ],
    [
      31.296722270904855,
      300
    ],
    [
      35.051005486196175,
      375
    ],
    [
      40.135897302264546,
      450
    ],
    [
      44.74730386494357,
      525
    ],
    [
      49.37579021416931,
      600
    ],
    [
      53.98558198628077,
      675
    ],
    [
      58.585895782798374,
      750
    ],
    [
      63.20061594965949,
      825
    ],
    [
      67.81666059067253,
      900
    ],
    [
      72.98874463613298,
      975
    ],
    [
      77.56178337648623,
      1050
    ],
    [
      82.11124665582909,
      1125
    ],
    [
      89.84502774080678,
      1200
    ],
    [
      103.8403578623244,
      1275
    ],
    [
      108.36975365107172,
      1350
    ],
    [
      111.2397149710396,
      1425
    ],
    [
      114.50987113373579,
      1500
    ]
  ],
  "approximateNumberOfMessagesRecords": [
    [
      0,
      0
    ],
    [
      20,
      75
    ],
    [
      40,
      150
    ],
    [
      60,
      225
    ],
    [
      80,
      300
    ],
    [
      105,
      375
    ],
    [
      120,
      450
    ],
    [
      120,
      525
    ],
    [
      140,
      600
    ],
    [
      160,
      675
    ],
    [
      180,
      750
    ],
    [
      200,
      825
    ],
    [
      220,
      900
    ],
    [
      235,
      975
    ],
    [
      255,
      1050
    ],
    [
      275,
      1125
    ],
    [
      240,
      1200
    ],
    [
      160,
      1275
    ],
    [
      120,
      1350
    ],
    [
      80,
      1425
    ],
    [
      40,
      1500
    ]
  ],
  "creditBalanceRecords": [
    [
      283.9216197833333,
      0
    ],
    [
      283.9216197833333,
      75
    ],
    [
      283.9216197833333,
      150
    ],
    [
      283.9216197833333,
      225
    ],
    [
      283.9216197833333,
      300
    ],
    [
      283.9216197833333,
      375
    ],
    [
      282.16090241666666,
      450
    ],
    [
      282.16090241666666,
      525
    ],
    [
      282.16090241666666,
      600
    ],
    [
      282.16090241666666,
      675
    ],
    [
      282.16090241666666,
      750
    ],
    [
      280.2525256,
      825
    ],
    [
      280.2525256,
      900
    ],
    [
      280.2525256,
      975
    ],
    [
      280.2525256,
      1050
    ],
    [
      280.2525256,
      1125
    ],
    [
      278.2406037833333,
      1200
    ],
    [
      278.2406037833333,
      1275
    ],
    [
      278.2406037833333,
      1350
    ],
    [
      278.2406037833333,
      1425
    ],
    [
      278.2406037833333,
      1500
    ]
  ]
}