{
  "averageClusterServiceTime": 6.33832264873798,
  "averageClusterProcessingTime": 130.604958514,
  "clusterAverageProcessingTimeVariance": -49.23529411764706,
  "cost": 0.004433333333333332,
  "clusterSizeRecords": [
    [
      1,
      0
    ],
    [
      1,
      75
    ],
    [
      1,
      150
    ],
    [
      1,
      225
    ],
    [
      1,
      300
    ],
    [
      1,
      375
    ],
    [
      1,
      450
    ],
    [
      1,
      525
    ],
    [
      2,
      600
    ],
    [
      2,
      675
    ],
    [
      2,
      750
    ],
    [
      2,
      825
    ],
    [
      1,
      900
    ],
    [
      1,
      975
    ],
    [
      1,
      1050
    ],
    [
      1,
      1125
    ],
    [
      1,
      1200
    ]
  ],
  "processingTimeRecords": [
    [
      0,
      0
    ],
    [
      null,
      75
    ],
    [
      19.98520074955908,
      150
    ],
    [
      26.734975035713035,
      225
    ],
    [
      33.33090247459549,
      300
    ],
    [
      40.7795062184411,
      375
    ],
    [
      47.4007615091935,
      450
    ],
    [
      54.04120148218652,
      525
    ],
    [
      60.69052338816878,
      600
    ],
    [
      68.17237828571547,
      675
    ],
    [
      78.06326525491687,
      750
    ],
    [
      97.30967942001527,
      825
    ],
    [
      112.20406618401594,
      900
    ],
    [
      116.87473732333854,
      975
    ],
    [
      120.35274129772952,
      1050
    ],
    [
      124.41879063113146,
      1125
    ],
    [
      128.18097035330524,
      1200
    ]
  ],
  "approximateNumberOfMessagesRecords": [
    [
      0,
      0
    ],
    [
      15,
      75
    ],
    [
      50,
      150
    ],
    [
      90,
      225
    ],
    [
      110,
      300
    ],
    [
      145,
      375
    ],
    [
      185,
      450
    ],
    [
      225,
      525
    ],
    [
      265,
      600
    ],
    [
      280,
      675
    ],
    [
      310,
      750
    ],
    [
      266,
      825
    ],
    [
      191,
      900
    ],
    [
      141,
      975
    ],
    [
      101,
      1050
    ],
    [
      61,
      1125
    ],
    [
      16,
      1200
    ]
  ],
  "creditBalanceRecords": [
    [
      288,
      0
    ],
    [
      288,
      75
    ],
    [
      287.91782923333335,
      150
    ],
    [
      287.91782923333335,
      225
    ],
    [
      287.91782923333335,
      300
    ],
    [
      287.91782923333335,
      375
    ],
    [
      287.91782923333335,
      450
    ],
    [
      285.9787361,
      525
    ],
    [
      285.9787361,
      600
    ],
    [
      285.9787361,
      675
    ],
    [
      285.9787361,
      750
    ],
    [
      285.9787361,
      825
    ],
    [
      283.8928099666667,
      900
    ],
    [
      283.8928099666667,
      975
    ],
    [
      283.8928099666667,
      1050
    ],
    [
      283.8928099666667,
      1125
    ],
    [
      283.8928099666667,
      1200
    ]
  ]
}