{
  "averageClusterServiceTime": 7.501956866982086,
  "averageClusterProcessingTime": 158.66858934523958,
  "clusterAverageProcessingTimeVariance": -72.26086956521739,
  "cost": 0.012433333333333331,
  "clusterSizeRecords": [
    [
      2,
      0
    ],
    [
      2,
      75
    ],
    [
      2,
      150
    ],
    [
      2,
      225
    ],
    [
      2,
      300
    ],
    [
      2,
      375
    ],
    [
      2,
      450
    ],
    [
      2,
      525
    ],
    [
      2,
      600
    ],
    [
      2,
      675
    ],
    [
      2,
      750
    ],
    [
      2,
      825
    ],
    [
      3,
      900
    ],
    [
      3,
      975
    ],
    [
      3,
      1050
    ],
    [
      3,
      1125
    ],
    [
      3,
      1200
    ],
    [
      3,
      1275
    ],
    [
      3,
      1350
    ],
    [
      3,
      1425
    ],
    [
      3,
      1500
    ],
    [
      3,
      1575
    ],
    [
      2,
      1650
    ]
  ],
  "processingTimeRecords": [
    [
      0,
      0
    ],
    [
      14.08776111111111,
      75
    ],
    [
      22.016219803675853,
      150
    ],
    [
      28.661711098263986,
      225
    ],
    [
      35.11035747771915,
      300
    ],
    [
      40.682256026017,
      375
    ],
    [
      46.0709091852331,
      450
    ],
    [
      51.45906843593744,
      525
    ],
    [
      56.86482048639841,
      600
    ],
    [
      62.67063460744181,
      675
    ],
    [
      68.44983430883973,
      750
    ],
    [
      73.82220252091061,
      825
    ],
    [
      79.16914218130032,
      900
    ],
    [
      84.52058786774137,
      975
    ],
    [
      96.12260994380229,
      1050
    ],
    [
      106.50164350125588,
      1125
    ],
    [
      115.45864177091879,
      1200
    ],
    [
      122.10026335456787,
      1275
    ],
    [
      130.11057021502145,
      1350
    ],
    [
      137.0897172353005,
      1425
    ],
    [
      141.6291142394786,
      1500
    ],
    [
      147.70480624900316,
      1575
    ],
    [
      153.30211228214074,
      1650
    ]
  ],
  "approximateNumberOfMessagesRecords": [
    [
      0,
      0
    ],
    [
      40,
      75
    ],
    [
      75,
      150
    ],
    [
      125,
      225
    ],
    [
      150,
      300
    ],
    [
      200,
      375
    ],
    [
      250,
      450
    ],
    [
      280,
      525
    ],
    [
      330,
      600
    ],
    [
      355,
      675
    ],
    [
      400,
      750
    ],
    [
      450,
      825
    ],
    [
      480,
      900
    ],
    [
      525,
      975
    ],
    [
      525,
      1050
    ],
    [
      555,
      1125
    ],
    [
      570,
      1200
    ],
    [
      530,
      1275
    ],
    [
      430,
      1350
    ],
    [
      330,
      1425
    ],
    [
      260,
      1500
    ],
    [
      175,
      1575
    ],
    [
      80,
      1650
    ]
  ],
  "creditBalanceRecords": [
    [
      288,
      0
    ],
    [
      288,
      75
    ],
    [
      288,
      150
    ],
    [
      288,
      225
    ],
    [
      288,
      300
    ],
    [
      288,
      375
    ],
    [
      288,
      450
    ],
    [
      286.33288273333335,
      525
    ],
    [
      286.33288273333335,
      600
    ],
    [
      286.33288273333335,
      675
    ],
    [
      286.33288273333335,
      750
    ],
    [
      286.33288273333335,
      825
    ],
    [
      284.6690415333333,
      900
    ],
    [
      284.6690415333333,
      975
    ],
    [
      284.6690415333333,
      1050
    ],
    [
      284.6690415333333,
      1125
    ],
    [
      284.6690415333333,
      1200
    ],
    [
      283.1396423333333,
      1275
    ],
    [
      283.1396423333333,
      1350
    ],
    [
      283.1396423333333,
      1425
    ],
    [
      283.1396423333333,
      1500
    ],
    [
      283.1396423333333,
      1575
    ],
    [
      281.98083105,
      1650
    ]
  ]
}